score,word
23,trump
11,spain
10,new
10,california
9,iran
8,migrants
8,pakistan
8,ceuta
7,avalanche
7,reflecting
7,pool
7,killed
7,he
6,morocco
6,country
6,dead
5,deal
5,against
5,year
5,plan
5,wildfires
5,will
5,million
5,least
5,world
4,drops
4,remains
4,restaurant
4,purja
4,school
4,american
4,nirmal
4,battle
4,out
4,major
4,day
4,ai
4,killing
4,fire
4,off
4,found
4,was
4,hit
4,water
4,migrant
4,kyiv
4,russian
4,house
4,minnesota
3,baby
3,russia
3,near
3,making
3,boat
3,botched
3,him
3,deadly
3,infantino
3,case
3,pay
3,plans
3,town
3,europe
3,fifa
3,fight
3,china
3,real
3,tech
3,calls
3,war
3,across
3,moscow
3,police
3,senators
3,anti
3,iranian
3,turn
3,ukraine
3,kill
3,guthrie
3,ukrainian
3,during
3,fund
3,strikes
3,general
3,homes
3,missing
3,president
3,israel
3,star
3,missiles
3,political
3,most
3,up
3,climbers
3,death
3,shooting
3,heat
3,nearly
3,florida
2,bay
2,administration
2,blanche
2,capital
2,rescue
2,justice
2,start
2,through
2,white
2,wall
2,attorney
2,shows
2,dropping
2,county
2,mamdani
2,race
2,senate
2,among
2,gop
2,national
2,money
2,no
2,mayor
2,strike
2,high
2,opening
2,control
2,pirro
2,ransom
2,arrest
2,massive
2,congo
2,dr
2,ebola
2,burnham
2,bank
2,act
2,brings
2,ship
2,debate
2,young
2,possible
2,plane
2,invasion
2,backed
2,nancy
2,hits
2,barrier
2,floating
2,installs
2,sources
2,her
2,route
2,ballistic
2,price
2,gas
2,voter
2,office
2,vandals
2,closure
2,arrested
2,murder
2,plot
2,americans
2,nyc
2,return
2,show
2,surge
2,wounds
2,kills
2,upscale
2,cup
2,protect
2,tourist
2,crashes
2,peru
2,all
2,estate
2,way
2,drones
2,points
2,may
2,charges
2,pm
2,socialist
2,trying
2,dies
2,just
2,like
2,vincent
2,change
2,hospitalized
2,pastore
2,search
2,days
2,company
2,street
2,apartment
2,news
2,before
2,outbreak
2,attack
2,your
2,planned
2,miles
2,bass
2,right
2,beach
2,find
2,go
2,popular
2,parents
2,carrying
2,kentucky
2,city
2,looks
2,san
2,vandalism
2,northern
2,french
2,leave
2,sopranos
2,hacks
2,ghost
2,don
2,olympian
2,deepens
2,border
2,media
2,injured
2,would
2,rise
2,canada
2,climber
2,video
2,idaho
2,bomb
2,them
2,enclave
2,three
2,far
2,left
2,campaign
2,place
2,wildfire
2,mountaineer
2,key
2,win
2,suit
2,lead
2,teen
2,fundraising
2,australia
2,michigan
2,summer
1,style
1,repairs
1,she
1,voted
1,admits
1,conservativism
1,released
1,hackers
1,notes
1,european
1,makes
1,mother
1,kidnapped
1,savannah
1,radical
1,shift
1,ruins
1,our
1,hearts
1,returns
1,alert
1,democracy
1,highest
1,cities
1,talks
1,sideline
1,putting
1,venezuela
1,opposition
1,leader
1,caused
1,appears
1,standoff
1,strategic
1,defeat
1,allies
1,fear
1,zelensky
1,italy
1,breach
1,interceptors
1,mass
1,fallout
1,francisco
1,pushes
1,museums
1,headed
1,overturned
1,roe
1,haunts
1,charge
1,trail
1,bottles
1,rohto
1,eye
1,recalled
1,fda
1,debt
1,concerned
1,experts
1,india
1,cockroach
1,protesters
1,marina
1,minnetonka
1,lake
1,sells
1,ownership
1,under
1,consistent
1,pellet
1,gun
1,club
1,sterile
1,huge
1,newt
1,banks
1,gingrich
1,details
1,karen
1,november
1,exploit
1,weird
1,values
1,went
1,surprising
1,netflix
1,warrior
1,yaxel
1,lendeborg
1,comes
1,update
1,heartbreaking
1,grows
1,current
1,worst
1,pressure
1,ever
1,uncommon
1,drive
1,ignited
1,culver
1,african
1,overran
1,dept
1,subpoenas
1,immigrants
1,times
1,freelancer
1,effort
1,identify
1,red
1,nepali
1,hopeful
1,inspirational
1,predicts
1,runoff
1,dems
1,lefty
1,mayoral
1,heading
1,crazy
1,train
1,seat
1,expedition
1,hunger
1,dc
1,hostility
1,cited
1,reason
1,douglas
1,flew
1,expert
1,migration
1,founder
1,credit
1,review
1,hasn
1,attacks
1,system
1,wanted
1,behind
1,actual
1,got
1,threatens
1,likely
1,revive
1,bn
1,weaponisation
1,taken
1,outpaces
1,challenger
1,full
1,nominee
1,support
1,republican
1,raman
1,finance
1,reports
1,two
1,worm
1,treated
1,wwii
1,creatures
1,compensate
1,legislation
1,drinking
1,ice
1,push
1,threatened
1,amazon
1,aviation
1,detention
1,center
1,workhorse
1,badly
1,neighbors
1,vexing
1,development
1,housing
1,abandoned
1,overtake
1,coyotes
1,between
1,factory
1,canadians
1,black
1,moment
1,historical
1,marks
1,weekend
1,deliver
1,moves
1,top
1,bot
1,another
1,aug
1,quiz
1,workers
1,ignoring
1,though
1,increase
1,wage
1,minimum
1,upcoming
1,boasts
1,newsom
1,battlegrounds
1,few
1,criticizes
1,tattoo
1,machine
1,picture
1,richmond
1,jury
1,awarded
1,whistleblower
1,springfield
1,rosters
1,paper
1,weighs
1,court
1,supreme
1,forces
1,sufficient
1,lacks
1,small
1,counting
1,cps
1,goes
1,replace
1,might
1,brink
1,mountaineers
1,other
1,revolt
1,athletes
1,college
1,puts
1,university
1,overrun
1,regains
1,grand
1,brought
1,rounds
1,carmakers
1,scheming
1,loomer
1,laura
1,ally
1,maga
1,inroads
1,escapes
1,village
1,bounce
1,curtice
1,john
1,pending
1,canceling
1,shelter
1,holdouts
1,becomes
1,today
1,event
1,nashville
1,presidents
1,effective
1,name
1,asked
1,when
1,turbo
1,snubs
1,harris
1,kamala
1,escaped
1,then
1,jail
1,deported
1,engines
1,biden
1,percentage
1,funk
1,aqua
1,preparation
1,olympics
1,pools
1,bowl
1,exhausted
1,impending
1,valley
1,silicon
1,jobs
1,cuts
1,servicenow
1,firms
1,multiple
1,rose
1,evacuations
1,forcing
1,washington
1,dozen
1,detonated
1,sir
1,giants
1,knows
1,surviving
1,oldest
1,monster
1,secret
1,gianni
1,oust
1,mutiny
1,harden
1,efforts
1,thinks
1,guard
1,villagers
1,mosques
1,torch
1,settlers
1,mountain
1,ten
1,pentagon
1,sinks
1,nine
1,space
1,invisible
1,stakes
1,soil
1,onto
1,riches
1,container
1,families
1,silence
1,soros
1,george
1,funded
1,group
1,rush
1,west
1,ceos
1,fence
1,containment
1,installing
1,lives
1,powers
1,surging
1,violence
1,frontier
1,note
1,release
1,authorities
1,closed
1,experiment
1,education
1,bold
1,egyptian
1,priscilla
1,damaging
1,accused
1,hearn
1,david
1,ex
1,dropped
1,august
1,chan
1,ushers
1,de
1,exhibit
1,spectacular
1,battleground
1,crucial
1,shine
1,losing
1,leads
1,aoc
1,roadblock
1,pledge
1,defense
1,air
1,backs
1,tonight
1,hanomansing
1,appeal
1,stadium
1,dodger
1,lopez
1,enter
1,thousands
1,tens
1,watch
1,petition
1,east
1,middle
1,urged
1,attacked
1,hormuz
1,strait
1,natural
1,tanker
1,batters
1,warns
1,pass
1,tejon
1,ridge
1,story
1,curves
1,lindbergh
1,charles
1,gondola
1,highway
1,commentary
1,hardball
1,play
1,defenders
1,park
1,turbulence
1,heavy
1,bandits
1,braces
1,mideast
1,downed
1,kuwait
1,wealth
1,robust
1,headache
1,nomination
1,property
1,leaving
1,alleges
1,emmanuel
1,abuse
1,reported
1,failed
1,riverside
1,heirs
1,confirm
1,refuse
1,duck
1,lame
1,even
1,todd
1,reveals
1,generations
1,escalation
1,transformed
1,extreme
1,stacked
1,never
1,reasons
1,four
1,islam
1,faisal
1,means
1,german
1,auto
1,industry
1,pillar
1,psyche
1,trembling
1,created
1,storm
1,whipped
1,social
1,japan
1,rescuers
1,cruel
1,earthquake
1,draws
1,lawyers
1,socal
1,giant
1,randy
1,sparks
1,sweet
1,turf
1,area
1,favorite
1,stan
1,upend
1,head
1,deregulating
1,partial
1,collapse
1,triggers
1,wrath
1,family
1,hero
1,lifeguard
1,finalizing
1,visit
1,praised
1,miraculous
1,nostradamus
1,leopold
1,aschenbrenner
1,didn
1,crystal
1,ball
1,seeing
1,hedge
1,cheap
1,dip
1,profile
1,donors
1,given
1,little
1,democratic
1,committee
1,running
1,joke
1,dnc
1,stands
1,do
1,contribute
1,build
1,alternative
1,portfolio
1,dozens
1,face
1,criminal
1,kids
1,illegal
1,bike
1,rides
1,kyler
1,murray
1,wins
1,vikings
1,fans
1,first
1,glimpse
1,qb
1,kennedy
1,girlfriend
1,ends
1,attempted
1,famed
1,bear
1,eagle
1,jackie
1,very
1,sick
1,malady
1,mystery
1,evangelist
1,booted
1,alaska
1,airlines
1,lie
1,expressway
1,exit
1,cut
1,slain
1,mom
1,womb
1,alleged
1,fatally
1,stabbed
1,luxe
1,building
1,tiniest
1,cinema
1,californians
1,clamoring
1,overnight
1,use
1,reopen
1,ely
1,entry
1,waters
1,boundary
1,trace
1,sneak
1,vanish
1,someone
1,aboard
1,apart
1,discoveries
1,horrifying
1,pair
1,peek
1,without
1,protests
1,zealand
1,minister
1,insults
1,chinese
1,born
1,lawmaker
1,rapid
1,save
1,uniforms
1,swap
1,shop
1,seen
1,celebrating
1,th
1,houston
1,hand
1,weeks
1,burger
1,leaves
1,official
1,indie
1,music
1,venues
1,closing
1,costs
1,attendance
1,keeps
1,tabs
1,foreigners
1,once
1,birthday
1,burn
1,remaining
1,raging
1,torches
1,spokane
1,turns
1,neighborhood
1,hellscape
1,terrifying
1,mtv
1,begins
1,broadcast
1,add
1,billions
1,economy
1,beijing
1,memo
1,joint
1,ministers
1,tell
1,chancellor
1,limits
1,spending
1,processing
1,life
1,their
1,threaten
1,battling
1,learned
1,communities
1,here
1,food
1,stick
1,explodes
1,urgent
1,evacuation
1,issued
1,malibu
1,months
1,palisades
1,pompeii
1,woman
1,shot
1,argument
1,van
1,nuys
1,you
1,missed
1,marginal
1,america
1,great
1,creating
1,stock
1,market
1,bubbles
1,shrugging
1,astros
1,owner
1,blocks
1,trade
1,sent
1,twins
1,trevor
1,larnach
1,internationally
1,sets
1,tone
1,allure
1,peril
1,riding
1,alaskan
1,wave
1,six
1,citing
1,diplomatic
1,progress
1,seattle
1,tightens
1,security
1,festivities
1,feliz
1,moving
1,fast
1,cancels
1,peace
1,perimeters
1,agreed
1,weapon
1,cancelling
1,fears
1,item
1,everyday
1,bans
1,district
1,five
1,rapidly
1,subject
1,used
1,wipe
1,culture
1,identity
1,plotted
1,wider
1,help
1,proxies
1,billion
1,several
1,hezbollah
1,members
1,lebanon
1,hilltop
1,fact
1,checking
1,flight
1,effect
1,oil
1,prices
1,munitions
1,eric
1,swalwell
1,spends
1,history
1,hiding
1,eu
1,emergency
1,meeting
1,discuss
1,crossings
1,spider
1,claims
1,donald
1,claim
1,damaged
1,improvised
1,influx
1,combines
1,modern
1,indigenous
1,knowledge
1,bombshell
1,poll
1,steve
1,hilton
1,leading
1,xavier
1,putin
1,drone
1,incinerated
1,books
1,millions
1,cease
1,advance
1,announced
1,becerra
1,bombards
1,netanyahu
1,threatening
1,rhetoric
1,antisemitic
1,blasting
1,israeli
1,slammed
1,gaza
1,learn
1,heal
1,westjet
1,airline
1,ahead
1,refund
1,intercepted
1,clemente
1,island
1,farmers
1,destroy
1,perfect
1,lettuce
1,crops
1,amid
1,brand
1,diarrhea
1,parasite
1,bodies
1,settlement
1,officer
1,took
1,nude
1,images
1,women
1,phones
1,marine
1,le
1,pen
1,prot
1,france
1,explosive
1,heads
1,global
1,box
1,renowned
1,scope
1,supply
1,widens
1,evidence
1,crowds
1,line
1,amsterdam
1,canals
1,pride
1,parade
1,fbi
1,students
1,heights
1,columbia
1,garden
1,demonstrations
1,regime
1,protestor
1,executes
1,investigates
1,expect
1,low
1,numbers
1,polling
1,systems
1,cyberattacks
1,reporting
1,joins
1,course
1,google
1,maps
1,hike
1,hoarder
1,mail
1,carrier
1,trapped
1,cats
1,dogs
1,stolen
1,feces
1,filled
1,horrors
1,judge
1,rules
1,refutes
1,required
1,rolls
1,feds
1,oasis
1,promise
1,cheapest
1,fuel
1,cops
1,hunt
1,mexico
1,slasher
1,bartender
1,dad
1,thought
1,using
1,illinois
1,preaching
1,spiritual
1,warfare
1,delay
1,fever
1,sophie
1,cunningham
1,transgender
1,athlete
1,sunday
1,lynx
1,game
1,saudi
1,arabia
1,gearing
1,hours
1,rescued
1,hikers
1,tragic
1,takes
1,training
1,underwater
1,cop
1,assault
1,south
1,lonely
1,lifestyle
1,aspirational
1,solitude
1,report
1,houthis
1,ground
1,carolina
1,timeline
1,lincoln
1,memorial
1,renovation
1,saga
1,ny
1,assembly
1,candidate
1,shoo
1,publicly
1,begging
1,gofundme
1,rent
1,suspect
1,chino
1,leaf
1,kidnapping
1,worked
1,victim
1,bombing
1,ginger
1,hair
1,portraits
1,unexpected
1,golden
1,thread
1,connecting
1,team
1,feuds
1,whether
1,jeanine
1,hills
1,blower
1,infant
1,son
1,fun
1,until
1,died
1,toll
1,detained
1,sue
1,arizona
1,sheriff
1,guns
1,hire
1,teenage
1,hitmen
1,aged
1,picnic
1,signature
1,misses
1,mcconnell
1,mitch
1,spreads
1,virus
1,recruited
1,seems
1,uganda
1,mali
1,vehicles
1,military
1,send
1,sanctions
1,defies
1,winning
